-- --------------------------------------------------------
-- Host:                         127.0.0.1
-- Server version:               8.0.45-0ubuntu0.24.04.1 - (Ubuntu)
-- Server OS:                    Linux
-- HeidiSQL Version:             12.1.0.6537
-- --------------------------------------------------------

/*!40101 SET @OLD_CHARACTER_SET_CLIENT=@@CHARACTER_SET_CLIENT */;
/*!40101 SET NAMES utf8 */;
/*!50503 SET NAMES utf8mb4 */;
/*!40103 SET @OLD_TIME_ZONE=@@TIME_ZONE */;
/*!40103 SET TIME_ZONE='+00:00' */;
/*!40014 SET @OLD_FOREIGN_KEY_CHECKS=@@FOREIGN_KEY_CHECKS, FOREIGN_KEY_CHECKS=0 */;
/*!40101 SET @OLD_SQL_MODE=@@SQL_MODE, SQL_MODE='NO_AUTO_VALUE_ON_ZERO' */;
/*!40111 SET @OLD_SQL_NOTES=@@SQL_NOTES, SQL_NOTES=0 */;


-- Dumping database structure for db_announcement_system
CREATE DATABASE IF NOT EXISTS `db_announcement_system` /*!40100 DEFAULT CHARACTER SET utf8mb4 COLLATE utf8mb4_0900_ai_ci */ /*!80016 DEFAULT ENCRYPTION='N' */;
USE `db_announcement_system`;

-- Dumping structure for table db_announcement_system.tbl_admins
CREATE TABLE IF NOT EXISTS `tbl_admins` (
  `id` int NOT NULL AUTO_INCREMENT,
  `username` varchar(50) NOT NULL,
  `password_hash` varchar(255) NOT NULL,
  `created_at` timestamp NULL DEFAULT CURRENT_TIMESTAMP,
  PRIMARY KEY (`id`),
  UNIQUE KEY `username` (`username`)
) ENGINE=InnoDB AUTO_INCREMENT=2 DEFAULT CHARSET=utf8mb4 COLLATE=utf8mb4_0900_ai_ci;

-- Dumping data for table db_announcement_system.tbl_admins: ~2 rows (approximately)
INSERT INTO `tbl_admins` (`id`, `username`, `password_hash`, `created_at`) VALUES
	(1, 'john', '$2y$12$Q5UMZo2GeUlW3huiCgepOu4N0W9hu81MD12yGE0TKJoRuKHFyx3Ha', '2026-03-31 14:31:07'),
	(2, 'ekang', '$2y$12$sGnYIDzvrq3Uw3ILK/fo6Oa.x4/3iWVMKBrYfoB197O0tA75O.YSa', '2026-04-10 07:50:03');

-- Dumping structure for table db_announcement_system.tbl_announcements
CREATE TABLE IF NOT EXISTS `tbl_announcements` (
  `id` int NOT NULL AUTO_INCREMENT,
  `admin_id` int DEFAULT NULL,
  `subject_id` int DEFAULT NULL,
  `title` varchar(100) NOT NULL,
  `content` text NOT NULL,
  `due_date` date DEFAULT NULL,
  `due_time` time DEFAULT NULL,
  `end_date` date DEFAULT NULL,
  `status` enum('active','archived') DEFAULT 'active',
  `created_at` timestamp NULL DEFAULT CURRENT_TIMESTAMP,
  `updated_at` timestamp NULL DEFAULT CURRENT_TIMESTAMP ON UPDATE CURRENT_TIMESTAMP,
  PRIMARY KEY (`id`),
  KEY `admin_id` (`admin_id`),
  KEY `subject_id` (`subject_id`),
  KEY `idx_due_date` (`due_date`),
  KEY `idx_subject_status` (`subject_id`,`status`),
  CONSTRAINT `tbl_announcements_ibfk_1` FOREIGN KEY (`admin_id`) REFERENCES `tbl_admins` (`id`) ON DELETE SET NULL,
  CONSTRAINT `tbl_announcements_ibfk_2` FOREIGN KEY (`subject_id`) REFERENCES `tbl_subjects` (`id`) ON DELETE CASCADE
) ENGINE=InnoDB AUTO_INCREMENT=29 DEFAULT CHARSET=utf8mb4 COLLATE=utf8mb4_0900_ai_ci;

-- Dumping data for table db_announcement_system.tbl_announcements: ~19 rows (approximately)
INSERT INTO `tbl_announcements` (`id`, `admin_id`, `subject_id`, `title`, `content`, `due_date`, `due_time`, `end_date`, `status`, `created_at`, `updated_at`) VALUES
	(1, 1, 1, 'Reporting', 'Chapter 7', '2026-04-13', '07:00:00', NULL, 'active', '2026-03-31 14:37:49', '2026-04-06 06:45:20'),
	(2, 1, 4, 'Midterm Review', 'Topics to be review: Transistors and etc.', '2026-04-14', '10:30:00', NULL, 'active', '2026-03-31 14:57:52', '2026-04-07 04:01:02'),
	(4, 1, 1, 'Submission', 'Chapter 1', '2026-04-08', '10:00:00', NULL, 'archived', '2026-03-31 16:26:39', '2026-04-08 03:39:49'),
	(5, 1, 2, 'Midterm Exam', 'Coverage: Lesson 1 to 5', '2026-04-13', '13:00:00', NULL, 'active', '2026-03-31 16:28:07', '2026-04-10 09:24:51'),
	(6, 1, 3, 'Quiz 1', 'Coverage: \r\n1. Simple Interest\r\n2. Compound Interest\r\n3. Effective Rate of Interest\r\n4. Equation of Value\r\n5. Discrete Payment\r\n6. Continuous Compounding Interest\r\n7. Banker s Discount', '2026-04-13', '17:00:00', NULL, 'active', '2026-03-31 16:31:32', '2026-04-06 10:21:18'),
	(8, 1, 5, 'Presentation', 'Topic 4', '2026-04-14', '14:30:00', NULL, 'active', '2026-03-31 16:34:48', '2026-04-07 04:01:16'),
	(9, 1, 6, 'Discussion', 'Final topic.', '2026-04-15', '10:00:00', NULL, 'active', '2026-03-31 16:35:33', '2026-04-08 03:39:36'),
	(10, 1, 7, 'Reporting', 'Chapter 6', '2026-04-15', '14:00:00', NULL, 'active', '2026-03-31 16:38:29', '2026-04-07 11:01:13'),
	(12, 1, 7, 'Submission', 'Chapter 1 to 3', '2026-04-08', '14:00:00', NULL, 'archived', '2026-03-31 16:39:24', '2026-04-08 03:39:47'),
	(13, 1, 3, 'Notebook', 'Provide a notebook for additional points.', NULL, NULL, NULL, 'active', '2026-03-31 16:44:17', '2026-03-31 16:44:17'),
	(14, 1, 8, 'Submission', 'Pgs. 13, 14, 15, 25, 26, 27', '2026-04-08', '22:00:00', NULL, 'archived', '2026-03-31 16:45:56', '2026-04-08 03:39:43'),
	(15, 1, 9, 'Books:', 'SCIETS - 320₱\r\nCONTWO - 300₱\r\nRIZAL - 360₱\r\nPEHEF2/INDAYOG - 350₱', NULL, NULL, NULL, 'active', '2026-03-31 16:48:12', '2026-03-31 16:48:12'),
	(16, 1, 8, 'Study and master executing the:', 'Polka sa Nayon', NULL, NULL, NULL, 'active', '2026-03-31 16:48:35', '2026-04-01 03:57:34'),
	(21, 1, 6, 'Seatwork 2', 'Coverage: Chapter 3', '2026-04-15', '10:00:00', NULL, 'active', '2026-04-01 03:52:43', '2026-04-08 03:39:05'),
	(24, 1, 2, 'Quiz', 'Coverage: Lesson 7', '2026-04-06', '15:00:00', NULL, 'archived', '2026-04-04 13:26:34', '2026-04-10 09:22:44'),
	(25, 1, 9, 'Holiday - Araw ng Kagitingan', 'Malamang walang pasok', '2026-04-09', NULL, NULL, 'archived', '2026-04-06 06:42:14', '2026-04-10 07:07:42'),
	(26, 1, 4, 'Topics', '1. Fundamentals of DC circuits ✔️\r\n2. Diodes ✔️\r\n3. Introduction to transistors ✔️\r\n4. The transistor switch ✔️\r\n5. Fundamentals of AC circuits ✔️\r\n6. Filters ✔️\r\n7. Resonant circuits ✔️\r\n8. Transistor amplifiers\r\n9. Oscillators\r\n10. The transformer\r\n11. Power supply circuits', NULL, NULL, NULL, 'active', '2026-04-06 14:08:32', '2026-04-06 14:16:00'),
	(27, 1, 7, 'Midterm Exam', 'For those who don\'t have books.', '2026-04-08', '14:00:00', NULL, 'archived', '2026-04-07 11:01:00', '2026-04-09 10:11:52'),
	(28, 1, 9, 'FTF Modality', 'April 8–18', NULL, NULL, NULL, 'active', '2026-04-07 13:04:01', '2026-04-07 13:05:11');

-- Dumping structure for table db_announcement_system.tbl_audit_log
CREATE TABLE IF NOT EXISTS `tbl_audit_log` (
  `id` int NOT NULL AUTO_INCREMENT,
  `admin_id` int DEFAULT NULL,
  `announcement_id` int DEFAULT NULL,
  `deleted_record_id` int DEFAULT NULL,
  `action` enum('created','updated','archived','restored','hard_deleted','subject_created','subject_updated','subject_archived','subject_restored','subject_deleted') NOT NULL,
  `old_value` text,
  `new_value` text,
  `changed_at` timestamp NULL DEFAULT CURRENT_TIMESTAMP,
  PRIMARY KEY (`id`),
  KEY `admin_id` (`admin_id`),
  KEY `idx_changed_at` (`changed_at`),
  KEY `idx_action` (`action`),
  CONSTRAINT `tbl_audit_log_ibfk_1` FOREIGN KEY (`admin_id`) REFERENCES `tbl_admins` (`id`) ON DELETE SET NULL
) ENGINE=InnoDB AUTO_INCREMENT=118 DEFAULT CHARSET=utf8mb4 COLLATE=utf8mb4_0900_ai_ci;

-- Dumping data for table db_announcement_system.tbl_audit_log: ~123 rows (approximately)
INSERT INTO `tbl_audit_log` (`id`, `admin_id`, `announcement_id`, `deleted_record_id`, `action`, `old_value`, `new_value`, `changed_at`) VALUES
	(1, 1, 1, NULL, 'created', NULL, '{"subject_id":"1","title":"Reporting","content":"Chapter 6","due_date":"2026-04-01"}', '2026-03-31 14:37:49'),
	(2, 1, 1, NULL, 'updated', '{"id":1,"admin_id":1,"subject_id":1,"title":"Reporting","content":"Chapter 6","due_date":"2026-04-01","status":"active","created_at":"2026-03-31 22:37:49","updated_at":"2026-03-31 22:37:49"}', '{"subject_id":"1","title":"Reporting","content":"Chapter 6","due_date":"2026-03-31"}', '2026-03-31 14:38:27'),
	(3, 1, 1, NULL, 'archived', NULL, NULL, '2026-03-31 14:43:19'),
	(4, 1, 1, NULL, 'restored', NULL, NULL, '2026-03-31 14:43:38'),
	(5, 1, 1, NULL, 'archived', NULL, NULL, '2026-03-31 14:43:43'),
	(6, 1, 1, NULL, 'restored', NULL, NULL, '2026-03-31 14:50:50'),
	(7, 1, 2, NULL, 'created', NULL, '{"subject_id":"4","title":"Midterm Review","content":"Bali i-rereview lang tayo ni sir","due_date":"2026-04-07"}', '2026-03-31 14:57:52'),
	(8, 1, 3, NULL, 'created', NULL, '{"subject_id":"8","title":"Dance","content":"Study and master executing the:\\r\\n1. Fundamental Positions of Arms and Feet\\r\\na. Arms\\r\\nb. Feet\\r\\nc. Combination\\r\\n2. Basic Steps in 2\\/4 measure\\r\\n-Touch Step\\r\\n-Bleking\\r\\n-Close Step\\r\\n-Hop Step\\r\\n-Brush Step\\r\\n-Swing Step\\r\\n-Slide Step\\r\\n3. Basic Steps in 3\\/4 measure\\r\\n-Waltz\\r\\n-Cross Waltz \\r\\n-Waltz Balance\\r\\n-Mazurka\\r\\n-Redoba","due_date":""}', '2026-03-31 15:59:30'),
	(9, 1, 3, NULL, 'archived', NULL, NULL, '2026-03-31 16:04:09'),
	(10, 1, NULL, 3, 'hard_deleted', NULL, NULL, '2026-03-31 16:22:22'),
	(11, 1, 1, NULL, 'updated', '{"id":1,"admin_id":1,"subject_id":1,"title":"Reporting","content":"Chapter 6","due_date":"2026-03-31","end_date":null,"status":"active","created_at":"2026-03-31 22:37:49","updated_at":"2026-03-31 22:50:50"}', '{"subject_id":"1","title":"Reporting","content":"Chapter 6","due_date":"2026-04-06","end_date":""}', '2026-03-31 16:25:41'),
	(12, 1, 4, NULL, 'created', NULL, '{"subject_id":"1","title":"Submission","content":"Chapter 1 and 2","due_date":"2026-04-06","end_date":""}', '2026-03-31 16:26:39'),
	(13, 1, 5, NULL, 'created', NULL, '{"subject_id":"2","title":"Midterm Exam","content":"Coverage: Chapter 1 to 5","due_date":"2026-04-06","end_date":""}', '2026-03-31 16:28:07'),
	(14, 1, 6, NULL, 'created', NULL, '{"subject_id":"3","title":"Quiz 1","content":"Coverage: Simple\\/Compound Interest, Effective Rate of Interest, Equation of Value, Discrete Payment, Continuous Compounding Interest, and Banker\'s Discount\\r\\n","due_date":"2026-04-06","end_date":""}', '2026-03-31 16:31:32'),
	(15, 1, 6, NULL, 'updated', '{"id":6,"admin_id":1,"subject_id":3,"title":"Quiz 1","content":"Coverage: Simple\\/Compound Interest, Effective Rate of Interest, Equation of Value, Discrete Payment, Continuous Compounding Interest, and Banker&#039;s Discount","due_date":"2026-04-06","end_date":null,"status":"active","created_at":"2026-04-01 00:31:32","updated_at":"2026-04-01 00:31:32"}', '{"subject_id":"3","title":"Quiz 1","content":"Coverage: Simple\\/Compound Interest, Effective Rate of Interest, Equation of Value, Discrete Payment, Continuous Compounding Interest, and Banker\'s Discount","due_date":"2026-04-06","end_date":""}', '2026-03-31 16:32:32'),
	(16, 1, 7, NULL, 'created', NULL, '{"subject_id":"9","title":"Midterm Week","content":"Hell week shit","due_date":"2026-04-06","end_date":"2026-04-09"}', '2026-03-31 16:33:14'),
	(17, 1, 8, NULL, 'created', NULL, '{"subject_id":"5","title":"Presentation","content":"Topic 4","due_date":"2026-04-02","end_date":""}', '2026-03-31 16:34:48'),
	(18, 1, 9, NULL, 'created', NULL, '{"subject_id":"6","title":"Quiz 1","content":"Coverage: Chapter 1 and 2","due_date":"2026-04-06","end_date":""}', '2026-03-31 16:35:33'),
	(19, 1, 9, NULL, 'updated', '{"id":9,"admin_id":1,"subject_id":6,"title":"Quiz 1","content":"Coverage: Chapter 1 and 2","due_date":"2026-04-06","end_date":null,"status":"active","created_at":"2026-04-01 00:35:33","updated_at":"2026-04-01 00:35:33"}', '{"subject_id":"6","title":"Quiz 1","content":"Coverage: Chapter 1 and 2","due_date":"2026-04-08","end_date":""}', '2026-03-31 16:36:12'),
	(20, 1, 6, NULL, 'updated', '{"id":6,"admin_id":1,"subject_id":3,"title":"Quiz 1","content":"Coverage: Simple\\/Compound Interest, Effective Rate of Interest, Equation of Value, Discrete Payment, Continuous Compounding Interest, and Banker&#039;s Discount","due_date":"2026-04-06","end_date":null,"status":"active","created_at":"2026-04-01 00:31:32","updated_at":"2026-04-01 00:31:32"}', '{"subject_id":"3","title":"Quiz 1","content":"Coverage: Simple\\/Compound Interest, Effective Rate of Interest, Equation of Value, Discrete Payment, Continuous Compounding Interest, and Banker&#039;s Discount","due_date":"2026-04-06","end_date":"2026-04-10"}', '2026-03-31 16:36:43'),
	(21, 1, 6, NULL, 'updated', '{"id":6,"admin_id":1,"subject_id":3,"title":"Quiz 1","content":"Coverage: Simple\\/Compound Interest, Effective Rate of Interest, Equation of Value, Discrete Payment, Continuous Compounding Interest, and Banker&amp;#039;s Discount","due_date":"2026-04-06","end_date":"2026-04-10","status":"active","created_at":"2026-04-01 00:31:32","updated_at":"2026-04-01 00:36:43"}', '{"subject_id":"3","title":"Quiz 1","content":"Coverage: Simple\\/Compound Interest, Effective Rate of Interest, Equation of Value, Discrete Payment, Continuous Compounding Interest, and Banker&amp;#039;s Discount","due_date":"2026-04-06","end_date":""}', '2026-03-31 16:37:16'),
	(22, 1, 10, NULL, 'created', NULL, '{"subject_id":"7","title":"Reporting","content":"Chapter 6","due_date":"2026-04-01","end_date":""}', '2026-03-31 16:38:29'),
	(23, 1, 11, NULL, 'created', NULL, '{"subject_id":"2","title":"Submission","content":"Chapter 1 to 3","due_date":"2026-04-08","end_date":""}', '2026-03-31 16:38:50'),
	(24, 1, 12, NULL, 'created', NULL, '{"subject_id":"7","title":"Submission","content":"Chapter 1 to 3","due_date":"2026-04-08","end_date":""}', '2026-03-31 16:39:24'),
	(25, 1, 11, NULL, 'archived', NULL, NULL, '2026-03-31 16:39:45'),
	(26, 1, NULL, 11, 'hard_deleted', NULL, NULL, '2026-03-31 16:39:47'),
	(27, 1, 6, NULL, 'updated', '{"id":6,"admin_id":1,"subject_id":3,"title":"Quiz 1","content":"Coverage: Simple\\/Compound Interest, Effective Rate of Interest, Equation of Value, Discrete Payment, Continuous Compounding Interest, and Banker&amp;amp;#039;s Discount","due_date":"2026-04-06","end_date":null,"status":"active","created_at":"2026-04-01 00:31:32","updated_at":"2026-04-01 00:37:16"}', '{"subject_id":"3","title":"Quiz 1","content":"Coverage: Simple\\/Compound Interest, Effective Rate of Interest, Equation of Value, Discrete Payment, Continuous Compounding Interest, and Banker\'s Discount","due_date":"2026-04-06","end_date":""}', '2026-03-31 16:40:14'),
	(28, 1, 6, NULL, 'updated', '{"id":6,"admin_id":1,"subject_id":3,"title":"Quiz 1","content":"Coverage: Simple\\/Compound Interest, Effective Rate of Interest, Equation of Value, Discrete Payment, Continuous Compounding Interest, and Banker&#039;s Discount","due_date":"2026-04-06","end_date":null,"status":"active","created_at":"2026-04-01 00:31:32","updated_at":"2026-04-01 00:40:14"}', '{"subject_id":"3","title":"Quiz 1","content":"Coverage: Simple\\/Compound Interest, Effective Rate of Interest, Equation of Value, Discrete Payment, Continuous Compounding Interest, and Banker s Discount","due_date":"2026-04-06","end_date":""}', '2026-03-31 16:40:42'),
	(29, 1, 6, NULL, 'updated', '{"id":6,"admin_id":1,"subject_id":3,"title":"Quiz 1","content":"Coverage: Simple\\/Compound Interest, Effective Rate of Interest, Equation of Value, Discrete Payment, Continuous Compounding Interest, and Banker s Discount","due_date":"2026-04-06","end_date":null,"status":"active","created_at":"2026-04-01 00:31:32","updated_at":"2026-04-01 00:40:42"}', '{"subject_id":"3","title":"Quiz 1","content":"Coverage: Simple\\/Compound Interest\\r\\nEffective Rate of Interest\\r\\nEquation of Value\\r\\nDiscrete Payment\\r\\nContinuous Compounding Interest\\r\\nBanker s Discount","due_date":"2026-04-06","end_date":""}', '2026-03-31 16:41:23'),
	(30, 1, 6, NULL, 'updated', '{"id":6,"admin_id":1,"subject_id":3,"title":"Quiz 1","content":"Coverage: Simple\\/Compound Interest\\r\\nEffective Rate of Interest\\r\\nEquation of Value\\r\\nDiscrete Payment\\r\\nContinuous Compounding Interest\\r\\nBanker s Discount","due_date":"2026-04-06","end_date":null,"status":"active","created_at":"2026-04-01 00:31:32","updated_at":"2026-04-01 00:41:23"}', '{"subject_id":"3","title":"Quiz 1","content":"Coverage: \\r\\n1. Simple Interest\\r\\n2. Compound Interest\\r\\n3. Effective Rate of Interest\\r\\n4. Equation of Value\\r\\n5. Discrete Payment\\r\\n6. Continuous Compounding Interest\\r\\n7. Banker s Discount","due_date":"2026-04-06","end_date":""}', '2026-03-31 16:42:19'),
	(31, 1, 13, NULL, 'created', NULL, '{"subject_id":"3","title":"Notebook","content":"Provide a notebook for additional points.","due_date":"","end_date":""}', '2026-03-31 16:44:17'),
	(32, 1, 14, NULL, 'created', NULL, '{"subject_id":"8","title":"Submission","content":"Pgs. 13, 14, 15, 25, 26, 27","due_date":"2026-04-09","end_date":""}', '2026-03-31 16:45:56'),
	(33, 1, 15, NULL, 'created', NULL, '{"subject_id":"9","title":"Books:","content":"SCIETS - 320\\u20b1\\r\\nCONTWO - 300\\u20b1\\r\\nRIZAL - 360\\u20b1\\r\\nPEHEF2\\/INDAYOG - 350\\u20b1","due_date":"","end_date":""}', '2026-03-31 16:48:12'),
	(34, 1, 16, NULL, 'created', NULL, '{"subject_id":"8","title":"Study and master executing the:","content":"1. Fundamental Positions of Arms and Feet\\r\\na. Arms\\r\\nb. Feet\\r\\nc. Combination\\r\\n2. Basic Steps in 2\\/4 measure\\r\\n-Touch Step\\r\\n-Bleking\\r\\n-Close Step\\r\\n-Hop Step\\r\\n-Brush Step\\r\\n-Swing Step\\r\\n-Slide Step\\r\\n3. Basic Steps in 3\\/4 measure\\r\\n-Waltz\\r\\n-Cross Waltz \\r\\n-Waltz Balance\\r\\n-Mazurka\\r\\n-Redoba","due_date":"","end_date":""}', '2026-03-31 16:48:35'),
	(35, 1, 10, NULL, 'archived', NULL, NULL, '2026-03-31 17:56:32'),
	(36, 1, 10, NULL, 'restored', NULL, NULL, '2026-03-31 17:56:37'),
	(37, 1, 17, NULL, 'created', NULL, NULL, '2026-03-31 22:13:30'),
	(38, 1, 17, NULL, 'archived', NULL, NULL, '2026-03-31 22:13:39'),
	(39, 1, NULL, 17, 'hard_deleted', NULL, NULL, '2026-03-31 22:13:45'),
	(40, 1, 18, NULL, 'created', NULL, NULL, '2026-03-31 22:14:29'),
	(41, 1, 18, NULL, 'archived', NULL, NULL, '2026-03-31 22:14:53'),
	(42, 1, 19, NULL, 'created', NULL, NULL, '2026-03-31 22:15:26'),
	(43, 1, 19, NULL, 'archived', NULL, NULL, '2026-03-31 22:23:31'),
	(44, 1, 20, NULL, 'created', NULL, NULL, '2026-03-31 22:24:14'),
	(45, 1, 20, NULL, 'archived', NULL, NULL, '2026-03-31 22:24:32'),
	(46, 1, NULL, 19, 'hard_deleted', NULL, NULL, '2026-03-31 22:24:36'),
	(47, 1, NULL, 18, 'hard_deleted', NULL, NULL, '2026-03-31 22:24:46'),
	(48, 1, NULL, 20, 'hard_deleted', NULL, NULL, '2026-03-31 22:24:51'),
	(49, 1, 21, NULL, 'created', NULL, NULL, '2026-04-01 03:52:43'),
	(50, 1, 16, NULL, 'updated', NULL, NULL, '2026-04-01 03:57:34'),
	(51, 1, 7, NULL, 'archived', NULL, NULL, '2026-04-01 05:43:52'),
	(52, 1, NULL, 7, 'hard_deleted', NULL, NULL, '2026-04-01 05:43:56'),
	(53, 1, 12, NULL, 'archived', NULL, NULL, '2026-04-01 06:10:05'),
	(54, 1, 12, NULL, 'restored', NULL, NULL, '2026-04-01 06:10:08'),
	(55, 1, 12, NULL, 'archived', NULL, NULL, '2026-04-01 06:10:27'),
	(56, 1, 22, NULL, 'created', NULL, NULL, '2026-04-01 06:10:43'),
	(57, 1, 12, NULL, 'restored', NULL, NULL, '2026-04-01 06:14:55'),
	(58, 1, 10, NULL, 'updated', NULL, NULL, '2026-04-01 07:50:47'),
	(59, 1, 8, NULL, 'updated', '{"id":8,"admin_id":1,"subject_id":5,"title":"Presentation","content":"Topic 4","due_date":"2026-04-02","due_time":null,"end_date":null,"status":"active","created_at":"2026-04-01 00:34:48","updated_at":"2026-04-01 00:34:48"}', '{"id":8,"admin_id":1,"subject_id":5,"title":"Presentation","content":"Topic 4","due_date":"2026-04-07","due_time":null,"end_date":null,"status":"active","created_at":"2026-04-01 00:34:48","updated_at":"2026-04-01 18:18:15"}', '2026-04-01 10:18:15'),
	(60, 1, 21, NULL, 'updated', '{"id":21,"admin_id":1,"subject_id":6,"title":"Seatwork 2","content":"Coverage: Chapter 3","due_date":"2026-04-08","due_time":null,"end_date":null,"status":"active","created_at":"2026-04-01 11:52:43","updated_at":"2026-04-01 11:52:43"}', '{"id":21,"admin_id":1,"subject_id":6,"title":"Seatwork 2","content":"Coverage: Chapter 3","due_date":"2026-04-08","due_time":null,"end_date":null,"status":"active","created_at":"2026-04-01 11:52:43","updated_at":"2026-04-01 11:52:43"}', '2026-04-01 10:23:22'),
	(61, 1, 22, NULL, 'archived', NULL, '{"id":22,"admin_id":1,"subject_id":2,"title":"Submission","content":"Chapter 1 to 3","due_date":"2026-04-08","due_time":null,"end_date":null,"status":"active","created_at":"2026-04-01 14:10:43","updated_at":"2026-04-01 14:10:43"}', '2026-04-01 11:53:38'),
	(62, 1, NULL, 22, 'hard_deleted', '{"id":22,"admin_id":1,"subject_id":2,"title":"Submission","content":"Chapter 1 to 3","due_date":"2026-04-08","due_time":null,"end_date":null,"status":"archived","created_at":"2026-04-01 14:10:43","updated_at":"2026-04-01 19:53:38"}', NULL, '2026-04-01 11:53:44'),
	(63, 1, 23, NULL, 'created', NULL, '{"id":23,"admin_id":1,"subject_id":2,"title":"sample","content":"wala","due_date":"2026-03-11","due_time":"22:53:00","end_date":null,"status":"active","created_at":"2026-04-01 20:52:08","updated_at":"2026-04-01 20:52:08"}', '2026-04-01 12:52:08'),
	(64, 1, 23, NULL, 'archived', NULL, '{"id":23,"admin_id":1,"subject_id":2,"title":"sample","content":"wala","due_date":"2026-03-11","due_time":"22:53:00","end_date":null,"status":"active","created_at":"2026-04-01 20:52:08","updated_at":"2026-04-01 20:52:08"}', '2026-04-01 12:53:27'),
	(65, 1, NULL, 23, 'hard_deleted', '{"id":23,"admin_id":1,"subject_id":2,"title":"sample","content":"wala","due_date":"2026-03-11","due_time":"22:53:00","end_date":null,"status":"archived","created_at":"2026-04-01 20:52:08","updated_at":"2026-04-01 20:53:27"}', NULL, '2026-04-01 12:53:53'),
	(66, 1, NULL, 2, 'subject_updated', '{"id":2,"code":"CONTWO","name":"The Contemporary World","professor":"Arnold A.","schedule":"M 1 PM - 4 PM","color_theme":"bg-contwo","status":"active","created_at":"2026-03-31 22:31:07"}', '{"id":2,"code":"CONTWO","name":"The Contemporary World","professor":"Dr. Arnold A.","schedule":"M 1 PM - 4 PM","color_theme":"bg-contwo","status":"active","created_at":"2026-03-31 22:31:07"}', '2026-04-01 16:22:36'),
	(67, 1, NULL, 4, 'subject_updated', '{"id":4,"code":"ECENG","name":"Fundamentals of Electronic Circuits","professor":"Nelson D.","schedule":"T/TH 10 AM - 1 PM","color_theme":"bg-eceng","status":"active","created_at":"2026-03-31 22:31:07"}', '{"id":4,"code":"ECENG","name":"Fundamentals of Electronic Circuits","professor":"Engr. Nelson D.","schedule":"T/TH 10 AM - 1 PM","color_theme":"bg-eceng","status":"active","created_at":"2026-03-31 22:31:07"}', '2026-04-01 16:22:53'),
	(68, 1, NULL, 3, 'subject_updated', '{"id":3,"code":"ENECO","name":"Engineering Economy","professor":"Allen Y.","schedule":"M 5 PM - 8 PM","color_theme":"bg-eneco","status":"active","created_at":"2026-03-31 22:31:07"}', '{"id":3,"code":"ENECO","name":"Engineering Economy","professor":"Engr. Allen Y.","schedule":"M 5 PM - 8 PM","color_theme":"bg-eneco","status":"active","created_at":"2026-03-31 22:31:07"}', '2026-04-01 16:23:03'),
	(69, 1, NULL, 6, 'subject_updated', '{"id":6,"code":"NUMERICAL","name":"Numerical Methods","professor":"Bernard F.","schedule":"W 10 AM - 1 PM","color_theme":"bg-numerical","status":"active","created_at":"2026-03-31 22:31:07"}', '{"id":6,"code":"NUMERICAL","name":"Numerical Methods","professor":"Engr. Bernard F.","schedule":"W 10 AM - 1 PM","color_theme":"bg-numerical","status":"active","created_at":"2026-03-31 22:31:07"}', '2026-04-01 16:23:17'),
	(70, 1, NULL, 1, 'subject_updated', '{"id":1,"code":"SCIETS","name":"Science, Technology and Society","professor":"Jose L.","schedule":"M 10 AM - 1 PM","color_theme":"bg-sciets","status":"active","created_at":"2026-03-31 22:31:07"}', '{"id":1,"code":"SCIETS","name":"Science, Technology and Society","professor":"Engr. Jose L.","schedule":"M 10 AM - 1 PM","color_theme":"bg-sciets","status":"active","created_at":"2026-03-31 22:31:07"}', '2026-04-01 16:23:34'),
	(71, 1, NULL, 5, 'subject_updated', '{"id":5,"code":"SOFTDES","name":"Software Design","professor":"Jane A.","schedule":"T/TH 2:30 PM - 5:30 PM","color_theme":"bg-softdes","status":"active","created_at":"2026-03-31 22:31:07"}', '{"id":5,"code":"SOFTDES","name":"Software Design","professor":"Engr. Jane A.","schedule":"T/TH 2:30 PM - 5:30 PM","color_theme":"bg-softdes","status":"active","created_at":"2026-03-31 22:31:07"}', '2026-04-01 16:23:46'),
	(72, 1, NULL, 8, 'subject_updated', '{"id":8,"code":"PEHEF2","name":"Physical Activity Towards Health and Fitness II","professor":"Angela B.","schedule":"TH 7 AM - 9 AM","color_theme":"bg-pehef2","status":"active","created_at":"2026-03-31 22:31:07"}', '{"id":8,"code":"PEHEF2","name":"Physical Activity Towards Health and Fitness II","professor":"Prof. Angela B.","schedule":"TH 7 AM - 9 AM","color_theme":"bg-pehef2","status":"active","created_at":"2026-03-31 22:31:07"}', '2026-04-01 16:23:56'),
	(73, 1, NULL, 7, 'subject_updated', '{"id":7,"code":"RIZAL","name":"Life and Works of Rizal","professor":"Matthew N.","schedule":"W 2 PM - 5 PM","color_theme":"bg-rizal","status":"active","created_at":"2026-03-31 22:31:07"}', '{"id":7,"code":"RIZAL","name":"Life and Works of Rizal","professor":"Prof. Matthew N.","schedule":"W 2 PM - 5 PM","color_theme":"bg-rizal","status":"active","created_at":"2026-03-31 22:31:07"}', '2026-04-01 16:24:05'),
	(74, 1, NULL, 1, 'subject_updated', '{"id":1,"code":"SCIETS","name":"Science, Technology and Society","professor":"Engr. Jose L.","schedule":"M 10 AM - 1 PM","color_theme":"bg-sciets","status":"active","created_at":"2026-03-31 22:31:07"}', '{"id":1,"code":"SCIETS","name":"Science, Technology and Society","professor":"Engr. Jose L.","schedule":"M 9 AM - 12 PM","color_theme":"bg-sciets","status":"active","created_at":"2026-03-31 22:31:07"}', '2026-04-04 09:27:09'),
	(75, 1, 24, NULL, 'created', NULL, '{"id":24,"admin_id":1,"subject_id":2,"title":"Quiz","content":"Coverage: Lesson 7","due_date":"2026-04-06","due_time":null,"end_date":null,"status":"active","created_at":"2026-04-04 21:26:34","updated_at":"2026-04-04 21:26:34"}', '2026-04-04 13:26:34'),
	(76, 1, 4, NULL, 'updated', '{"id":4,"admin_id":1,"subject_id":1,"title":"Submission","content":"Chapter 1 and 2","due_date":"2026-04-06","due_time":null,"end_date":null,"status":"active","created_at":"2026-04-01 00:26:39","updated_at":"2026-04-01 00:26:39"}', '{"id":4,"admin_id":1,"subject_id":1,"title":"Submission","content":"Chapter 1 and 2","due_date":"2026-04-07","due_time":null,"end_date":null,"status":"active","created_at":"2026-04-01 00:26:39","updated_at":"2026-04-06 09:54:44"}', '2026-04-06 01:54:44'),
	(77, 1, 1, NULL, 'updated', '{"id":1,"admin_id":1,"subject_id":1,"title":"Reporting","content":"Chapter 6","due_date":"2026-04-06","due_time":null,"end_date":null,"status":"active","created_at":"2026-03-31 22:37:49","updated_at":"2026-04-01 00:25:41"}', '{"id":1,"admin_id":1,"subject_id":1,"title":"Reporting","content":"Chapter 7","due_date":"2026-04-13","due_time":null,"end_date":null,"status":"active","created_at":"2026-03-31 22:37:49","updated_at":"2026-04-06 10:43:56"}', '2026-04-06 02:43:56'),
	(78, 1, 5, NULL, 'updated', '{"id":5,"admin_id":1,"subject_id":2,"title":"Midterm Exam","content":"Coverage: Chapter 1 to 5","due_date":"2026-04-06","due_time":null,"end_date":null,"status":"active","created_at":"2026-04-01 00:28:07","updated_at":"2026-04-01 00:28:07"}', '{"id":5,"admin_id":1,"subject_id":2,"title":"Midterm Exam","content":"Coverage: Chapter 1 to 5","due_date":"2026-04-13","due_time":"13:00:00","end_date":null,"status":"active","created_at":"2026-04-01 00:28:07","updated_at":"2026-04-06 14:36:26"}', '2026-04-06 06:36:26'),
	(79, 1, 6, NULL, 'updated', '{"id":6,"admin_id":1,"subject_id":3,"title":"Quiz 1","content":"Coverage: \\r\\n1. Simple Interest\\r\\n2. Compound Interest\\r\\n3. Effective Rate of Interest\\r\\n4. Equation of Value\\r\\n5. Discrete Payment\\r\\n6. Continuous Compounding Interest\\r\\n7. Banker s Discount","due_date":"2026-04-06","due_time":null,"end_date":null,"status":"active","created_at":"2026-04-01 00:31:32","updated_at":"2026-04-01 00:42:19"}', '{"id":6,"admin_id":1,"subject_id":3,"title":"Quiz 1","content":"Coverage: \\r\\n1. Simple Interest\\r\\n2. Compound Interest\\r\\n3. Effective Rate of Interest\\r\\n4. Equation of Value\\r\\n5. Discrete Payment\\r\\n6. Continuous Compounding Interest\\r\\n7. Banker s Discount","due_date":"2026-04-06","due_time":"17:00:00","end_date":null,"status":"active","created_at":"2026-04-01 00:31:32","updated_at":"2026-04-06 14:37:14"}', '2026-04-06 06:37:14'),
	(80, 1, 2, NULL, 'updated', '{"id":2,"admin_id":1,"subject_id":4,"title":"Midterm Review","content":"Bali i-rereview lang tayo ni sir","due_date":"2026-04-07","due_time":null,"end_date":null,"status":"active","created_at":"2026-03-31 22:57:52","updated_at":"2026-03-31 22:57:52"}', '{"id":2,"admin_id":1,"subject_id":4,"title":"Midterm Review","content":"Bali i-rereview lang tayo ni sir","due_date":"2026-04-07","due_time":"10:00:00","end_date":null,"status":"active","created_at":"2026-03-31 22:57:52","updated_at":"2026-04-06 14:37:44"}', '2026-04-06 06:37:44'),
	(81, 1, 4, NULL, 'updated', '{"id":4,"admin_id":1,"subject_id":1,"title":"Submission","content":"Chapter 1 and 2","due_date":"2026-04-07","due_time":null,"end_date":null,"status":"active","created_at":"2026-04-01 00:26:39","updated_at":"2026-04-06 09:54:44"}', '{"id":4,"admin_id":1,"subject_id":1,"title":"Submission","content":"Chapter 1 and 2","due_date":"2026-04-07","due_time":"09:00:00","end_date":null,"status":"active","created_at":"2026-04-01 00:26:39","updated_at":"2026-04-06 14:37:53"}', '2026-04-06 06:37:53'),
	(82, 1, 24, NULL, 'updated', '{"id":24,"admin_id":1,"subject_id":2,"title":"Quiz","content":"Coverage: Lesson 7","due_date":"2026-04-06","due_time":null,"end_date":null,"status":"active","created_at":"2026-04-04 21:26:34","updated_at":"2026-04-04 21:26:34"}', '{"id":24,"admin_id":1,"subject_id":2,"title":"Quiz","content":"Coverage: Lesson 7","due_date":"2026-04-06","due_time":"15:00:00","end_date":"2026-04-06","status":"active","created_at":"2026-04-04 21:26:34","updated_at":"2026-04-06 14:38:45"}', '2026-04-06 06:38:45'),
	(83, 1, 24, NULL, 'updated', '{"id":24,"admin_id":1,"subject_id":2,"title":"Quiz","content":"Coverage: Lesson 7","due_date":"2026-04-06","due_time":"15:00:00","end_date":"2026-04-06","status":"active","created_at":"2026-04-04 21:26:34","updated_at":"2026-04-06 14:38:45"}', '{"id":24,"admin_id":1,"subject_id":2,"title":"Quiz","content":"Coverage: Lesson 7","due_date":"2026-04-06","due_time":"15:00:00","end_date":null,"status":"active","created_at":"2026-04-04 21:26:34","updated_at":"2026-04-06 14:39:11"}', '2026-04-06 06:39:11'),
	(84, 1, 8, NULL, 'updated', '{"id":8,"admin_id":1,"subject_id":5,"title":"Presentation","content":"Topic 4","due_date":"2026-04-07","due_time":null,"end_date":null,"status":"active","created_at":"2026-04-01 00:34:48","updated_at":"2026-04-01 18:18:15"}', '{"id":8,"admin_id":1,"subject_id":5,"title":"Presentation","content":"Topic 4","due_date":"2026-04-07","due_time":"14:30:00","end_date":null,"status":"active","created_at":"2026-04-01 00:34:48","updated_at":"2026-04-06 14:40:20"}', '2026-04-06 06:40:20'),
	(85, 1, 21, NULL, 'updated', '{"id":21,"admin_id":1,"subject_id":6,"title":"Seatwork 2","content":"Coverage: Chapter 3","due_date":"2026-04-08","due_time":null,"end_date":null,"status":"active","created_at":"2026-04-01 11:52:43","updated_at":"2026-04-01 11:52:43"}', '{"id":21,"admin_id":1,"subject_id":6,"title":"Seatwork 2","content":"Coverage: Chapter 3","due_date":"2026-04-08","due_time":"10:00:00","end_date":null,"status":"active","created_at":"2026-04-01 11:52:43","updated_at":"2026-04-06 14:40:29"}', '2026-04-06 06:40:29'),
	(86, 1, 9, NULL, 'updated', '{"id":9,"admin_id":1,"subject_id":6,"title":"Quiz 1","content":"Coverage: Chapter 1 and 2","due_date":"2026-04-08","due_time":null,"end_date":null,"status":"active","created_at":"2026-04-01 00:35:33","updated_at":"2026-04-01 00:36:12"}', '{"id":9,"admin_id":1,"subject_id":6,"title":"Quiz 1","content":"Coverage: Chapter 1 and 2","due_date":"2026-04-08","due_time":"10:00:00","end_date":null,"status":"active","created_at":"2026-04-01 00:35:33","updated_at":"2026-04-06 14:40:37"}', '2026-04-06 06:40:37'),
	(87, 1, 12, NULL, 'updated', '{"id":12,"admin_id":1,"subject_id":7,"title":"Submission","content":"Chapter 1 to 3","due_date":"2026-04-08","due_time":null,"end_date":null,"status":"active","created_at":"2026-04-01 00:39:24","updated_at":"2026-04-01 14:14:55"}', '{"id":12,"admin_id":1,"subject_id":7,"title":"Submission","content":"Chapter 1 to 3","due_date":"2026-04-08","due_time":"14:00:00","end_date":null,"status":"active","created_at":"2026-04-01 00:39:24","updated_at":"2026-04-06 14:40:49"}', '2026-04-06 06:40:49'),
	(88, 1, 10, NULL, 'updated', '{"id":10,"admin_id":1,"subject_id":7,"title":"Reporting","content":"Chapter 6","due_date":"2026-04-08","due_time":null,"end_date":null,"status":"active","created_at":"2026-04-01 00:38:29","updated_at":"2026-04-01 15:50:47"}', '{"id":10,"admin_id":1,"subject_id":7,"title":"Reporting","content":"Chapter 6","due_date":"2026-04-08","due_time":"14:00:00","end_date":null,"status":"active","created_at":"2026-04-01 00:38:29","updated_at":"2026-04-06 14:40:58"}', '2026-04-06 06:40:58'),
	(89, 1, 14, NULL, 'updated', '{"id":14,"admin_id":1,"subject_id":8,"title":"Submission","content":"Pgs. 13, 14, 15, 25, 26, 27","due_date":"2026-04-09","due_time":null,"end_date":null,"status":"active","created_at":"2026-04-01 00:45:56","updated_at":"2026-04-01 00:45:56"}', '{"id":14,"admin_id":1,"subject_id":8,"title":"Submission","content":"Pgs. 13, 14, 15, 25, 26, 27","due_date":"2026-04-16","due_time":"07:00:00","end_date":null,"status":"active","created_at":"2026-04-01 00:45:56","updated_at":"2026-04-06 14:41:23"}', '2026-04-06 06:41:23'),
	(90, 1, 25, NULL, 'created', NULL, '{"id":25,"admin_id":1,"subject_id":9,"title":"Holiday - Araw ng Kagitingan","content":"Malamang walang pasok","due_date":"2026-04-09","due_time":null,"end_date":null,"status":"active","created_at":"2026-04-06 14:42:14","updated_at":"2026-04-06 14:42:14"}', '2026-04-06 06:42:14'),
	(91, 1, 1, NULL, 'updated', '{"id":1,"admin_id":1,"subject_id":1,"title":"Reporting","content":"Chapter 7","due_date":"2026-04-13","due_time":null,"end_date":null,"status":"active","created_at":"2026-03-31 22:37:49","updated_at":"2026-04-06 10:43:56"}', '{"id":1,"admin_id":1,"subject_id":1,"title":"Reporting","content":"Chapter 7","due_date":"2026-04-13","due_time":"07:00:00","end_date":null,"status":"active","created_at":"2026-03-31 22:37:49","updated_at":"2026-04-06 14:45:20"}', '2026-04-06 06:45:20'),
	(92, 1, 24, NULL, 'archived', NULL, '{"id":24,"admin_id":1,"subject_id":2,"title":"Quiz","content":"Coverage: Lesson 7","due_date":"2026-04-06","due_time":"15:00:00","end_date":null,"status":"active","created_at":"2026-04-04 21:26:34","updated_at":"2026-04-06 14:39:11"}', '2026-04-06 10:20:53'),
	(93, 1, 6, NULL, 'updated', '{"id":6,"admin_id":1,"subject_id":3,"title":"Quiz 1","content":"Coverage: \\r\\n1. Simple Interest\\r\\n2. Compound Interest\\r\\n3. Effective Rate of Interest\\r\\n4. Equation of Value\\r\\n5. Discrete Payment\\r\\n6. Continuous Compounding Interest\\r\\n7. Banker s Discount","due_date":"2026-04-06","due_time":"17:00:00","end_date":null,"status":"active","created_at":"2026-04-01 00:31:32","updated_at":"2026-04-06 14:37:14"}', '{"id":6,"admin_id":1,"subject_id":3,"title":"Quiz 1","content":"Coverage: \\r\\n1. Simple Interest\\r\\n2. Compound Interest\\r\\n3. Effective Rate of Interest\\r\\n4. Equation of Value\\r\\n5. Discrete Payment\\r\\n6. Continuous Compounding Interest\\r\\n7. Banker s Discount","due_date":"2026-04-13","due_time":"17:00:00","end_date":null,"status":"active","created_at":"2026-04-01 00:31:32","updated_at":"2026-04-06 18:21:18"}', '2026-04-06 10:21:18'),
	(94, 1, 26, NULL, 'created', NULL, '{"id":26,"admin_id":1,"subject_id":4,"title":"Topics","content":"1. Fundamentals of DC circuits\\r\\n2. Diodes\\r\\n3. Introduction to transistors\\r\\n4. The transistor switch\\r\\n5. Fundamentals of AC circuits\\r\\n6. Filters\\r\\n7. Resonant circuits\\r\\n8. Transistor amplifiers\\r\\n9. Oscillators\\r\\n10. The transformer\\r\\n11. Power supply circuits","due_date":null,"due_time":null,"end_date":null,"status":"active","created_at":"2026-04-06 22:08:32","updated_at":"2026-04-06 22:08:32"}', '2026-04-06 14:08:32'),
	(95, 1, 26, NULL, 'updated', '{"id":26,"admin_id":1,"subject_id":4,"title":"Topics","content":"1. Fundamentals of DC circuits\\r\\n2. Diodes\\r\\n3. Introduction to transistors\\r\\n4. The transistor switch\\r\\n5. Fundamentals of AC circuits\\r\\n6. Filters\\r\\n7. Resonant circuits\\r\\n8. Transistor amplifiers\\r\\n9. Oscillators\\r\\n10. The transformer\\r\\n11. Power supply circuits","due_date":null,"due_time":null,"end_date":null,"status":"active","created_at":"2026-04-06 22:08:32","updated_at":"2026-04-06 22:08:32"}', '{"id":26,"admin_id":1,"subject_id":4,"title":"Topics","content":"1. Fundamentals of DC circuits ✔️\\r\\n2. Diodes ✔️\\r\\n3. Introduction to transistors ✔️\\r\\n4. The transistor switch ✔️\\r\\n5. Fundamentals of AC circuits ✔️\\r\\n6. Filters ✔️\\r\\n7. Resonant circuits ✔️\\r\\n8. Transistor amplifiers\\r\\n9. Oscillators\\r\\n10. The transformer\\r\\n11. Power supply circuits","due_date":null,"due_time":null,"end_date":null,"status":"active","created_at":"2026-04-06 22:08:32","updated_at":"2026-04-06 22:16:00"}', '2026-04-06 14:16:00'),
	(96, 1, 4, NULL, 'updated', '{"id":4,"admin_id":1,"subject_id":1,"title":"Submission","content":"Chapter 1 and 2","due_date":"2026-04-07","due_time":"09:00:00","end_date":null,"status":"active","created_at":"2026-04-01 00:26:39","updated_at":"2026-04-06 14:37:53"}', '{"id":4,"admin_id":1,"subject_id":1,"title":"Submission","content":"Chapter 1 and 2","due_date":"2026-04-08","due_time":"09:00:00","end_date":null,"status":"active","created_at":"2026-04-01 00:26:39","updated_at":"2026-04-07 10:11:27"}', '2026-04-07 02:11:27'),
	(97, 1, 2, NULL, 'updated', '{"id":2,"admin_id":1,"subject_id":4,"title":"Midterm Review","content":"Bali i-rereview lang tayo ni sir","due_date":"2026-04-07","due_time":"10:00:00","end_date":null,"status":"active","created_at":"2026-03-31 22:57:52","updated_at":"2026-04-06 14:37:44"}', '{"id":2,"admin_id":1,"subject_id":4,"title":"Midterm Review","content":"Topics to be review: Transistors and etc.","due_date":"2026-04-14","due_time":"10:30:00","end_date":null,"status":"active","created_at":"2026-03-31 22:57:52","updated_at":"2026-04-07 12:01:02"}', '2026-04-07 04:01:02'),
	(98, 1, 8, NULL, 'updated', '{"id":8,"admin_id":1,"subject_id":5,"title":"Presentation","content":"Topic 4","due_date":"2026-04-07","due_time":"14:30:00","end_date":null,"status":"active","created_at":"2026-04-01 00:34:48","updated_at":"2026-04-06 14:40:20"}', '{"id":8,"admin_id":1,"subject_id":5,"title":"Presentation","content":"Topic 4","due_date":"2026-04-14","due_time":"14:30:00","end_date":null,"status":"active","created_at":"2026-04-01 00:34:48","updated_at":"2026-04-07 12:01:16"}', '2026-04-07 04:01:16'),
	(99, 1, 4, NULL, 'updated', '{"id":4,"admin_id":1,"subject_id":1,"title":"Submission","content":"Chapter 1 and 2","due_date":"2026-04-08","due_time":"09:00:00","end_date":null,"status":"active","created_at":"2026-04-01 00:26:39","updated_at":"2026-04-07 10:11:27"}', '{"id":4,"admin_id":1,"subject_id":1,"title":"Submission","content":"Chapter 1","due_date":"2026-04-08","due_time":"09:00:00","end_date":null,"status":"active","created_at":"2026-04-01 00:26:39","updated_at":"2026-04-07 18:59:41"}', '2026-04-07 10:59:41'),
	(100, 1, 27, NULL, 'created', NULL, '{"id":27,"admin_id":1,"subject_id":7,"title":"Midterm Exam","content":"For those who don\'t have books.","due_date":"2026-04-08","due_time":"14:00:00","end_date":null,"status":"active","created_at":"2026-04-07 19:01:00","updated_at":"2026-04-07 19:01:00"}', '2026-04-07 11:01:00'),
	(101, 1, 10, NULL, 'updated', '{"id":10,"admin_id":1,"subject_id":7,"title":"Reporting","content":"Chapter 6","due_date":"2026-04-08","due_time":"14:00:00","end_date":null,"status":"active","created_at":"2026-04-01 00:38:29","updated_at":"2026-04-06 14:40:58"}', '{"id":10,"admin_id":1,"subject_id":7,"title":"Reporting","content":"Chapter 6","due_date":"2026-04-15","due_time":"14:00:00","end_date":null,"status":"active","created_at":"2026-04-01 00:38:29","updated_at":"2026-04-07 19:01:13"}', '2026-04-07 11:01:13'),
	(102, 1, 14, NULL, 'updated', '{"id":14,"admin_id":1,"subject_id":8,"title":"Submission","content":"Pgs. 13, 14, 15, 25, 26, 27","due_date":"2026-04-16","due_time":"07:00:00","end_date":null,"status":"active","created_at":"2026-04-01 00:45:56","updated_at":"2026-04-06 14:41:23"}', '{"id":14,"admin_id":1,"subject_id":8,"title":"Submission","content":"Pgs. 13, 14, 15, 25, 26, 27","due_date":"2026-04-08","due_time":"22:00:00","end_date":null,"status":"active","created_at":"2026-04-01 00:45:56","updated_at":"2026-04-07 21:03:16"}', '2026-04-07 13:03:16'),
	(103, 1, 28, NULL, 'created', NULL, '{"id":28,"admin_id":1,"subject_id":9,"title":"FTF Modality","content":"ftf malamang","due_date":"2026-04-08","due_time":null,"end_date":"2026-04-18","status":"active","created_at":"2026-04-07 21:04:01","updated_at":"2026-04-07 21:04:01"}', '2026-04-07 13:04:01'),
	(104, 1, 28, NULL, 'updated', '{"id":28,"admin_id":1,"subject_id":9,"title":"FTF Modality","content":"ftf malamang","due_date":"2026-04-08","due_time":null,"end_date":"2026-04-18","status":"active","created_at":"2026-04-07 21:04:01","updated_at":"2026-04-07 21:04:01"}', '{"id":28,"admin_id":1,"subject_id":9,"title":"FTF Modality","content":"April 8–18","due_date":null,"due_time":null,"end_date":null,"status":"active","created_at":"2026-04-07 21:04:01","updated_at":"2026-04-07 21:05:11"}', '2026-04-07 13:05:11'),
	(105, 1, 4, NULL, 'updated', '{"id":4,"admin_id":1,"subject_id":1,"title":"Submission","content":"Chapter 1","due_date":"2026-04-08","due_time":"09:00:00","end_date":null,"status":"active","created_at":"2026-04-01 00:26:39","updated_at":"2026-04-07 18:59:41"}', '{"id":4,"admin_id":1,"subject_id":1,"title":"Submission","content":"Chapter 1","due_date":"2026-04-08","due_time":"10:00:00","end_date":null,"status":"active","created_at":"2026-04-01 00:26:39","updated_at":"2026-04-07 21:05:45"}', '2026-04-07 13:05:45'),
	(106, 1, 9, NULL, 'archived', NULL, '{"id":9,"admin_id":1,"subject_id":6,"title":"Quiz 1","content":"Coverage: Chapter 1 and 2","due_date":"2026-04-08","due_time":"10:00:00","end_date":null,"status":"active","created_at":"2026-04-01 00:35:33","updated_at":"2026-04-06 14:40:37"}', '2026-04-08 03:38:41'),
	(107, 1, 9, NULL, 'restored', NULL, '{"id":9,"admin_id":1,"subject_id":6,"title":"Quiz 1","content":"Coverage: Chapter 1 and 2","due_date":"2026-04-08","due_time":"10:00:00","end_date":null,"status":"archived","created_at":"2026-04-01 00:35:33","updated_at":"2026-04-08 11:38:41"}', '2026-04-08 03:38:47'),
	(108, 1, 21, NULL, 'updated', '{"id":21,"admin_id":1,"subject_id":6,"title":"Seatwork 2","content":"Coverage: Chapter 3","due_date":"2026-04-08","due_time":"10:00:00","end_date":null,"status":"active","created_at":"2026-04-01 11:52:43","updated_at":"2026-04-06 14:40:29"}', '{"id":21,"admin_id":1,"subject_id":6,"title":"Seatwork 2","content":"Coverage: Chapter 3","due_date":"2026-04-15","due_time":"10:00:00","end_date":null,"status":"active","created_at":"2026-04-01 11:52:43","updated_at":"2026-04-08 11:39:05"}', '2026-04-08 03:39:05'),
	(109, 1, 9, NULL, 'updated', '{"id":9,"admin_id":1,"subject_id":6,"title":"Quiz 1","content":"Coverage: Chapter 1 and 2","due_date":"2026-04-08","due_time":"10:00:00","end_date":null,"status":"active","created_at":"2026-04-01 00:35:33","updated_at":"2026-04-08 11:38:47"}', '{"id":9,"admin_id":1,"subject_id":6,"title":"Discussion","content":"Final topic.","due_date":"2026-04-15","due_time":"10:00:00","end_date":null,"status":"active","created_at":"2026-04-01 00:35:33","updated_at":"2026-04-08 11:39:36"}', '2026-04-08 03:39:36'),
	(110, 1, 14, NULL, 'archived', NULL, '{"id":14,"admin_id":1,"subject_id":8,"title":"Submission","content":"Pgs. 13, 14, 15, 25, 26, 27","due_date":"2026-04-08","due_time":"22:00:00","end_date":null,"status":"active","created_at":"2026-04-01 00:45:56","updated_at":"2026-04-07 21:03:16"}', '2026-04-08 03:39:43'),
	(111, 1, 12, NULL, 'archived', NULL, '{"id":12,"admin_id":1,"subject_id":7,"title":"Submission","content":"Chapter 1 to 3","due_date":"2026-04-08","due_time":"14:00:00","end_date":null,"status":"active","created_at":"2026-04-01 00:39:24","updated_at":"2026-04-06 14:40:49"}', '2026-04-08 03:39:47'),
	(112, 1, 4, NULL, 'archived', NULL, '{"id":4,"admin_id":1,"subject_id":1,"title":"Submission","content":"Chapter 1","due_date":"2026-04-08","due_time":"10:00:00","end_date":null,"status":"active","created_at":"2026-04-01 00:26:39","updated_at":"2026-04-07 21:05:45"}', '2026-04-08 03:39:49'),
	(113, 1, 5, NULL, 'updated', '{"id":5,"admin_id":1,"subject_id":2,"title":"Midterm Exam","content":"Coverage: Chapter 1 to 5","due_date":"2026-04-13","due_time":"13:00:00","end_date":null,"status":"active","created_at":"2026-04-01 00:28:07","updated_at":"2026-04-06 14:36:26"}', '{"id":5,"admin_id":1,"subject_id":2,"title":"Midterm Exam","content":"Coverage: Chapter 1 to 7","due_date":"2026-04-13","due_time":"13:00:00","end_date":null,"status":"active","created_at":"2026-04-01 00:28:07","updated_at":"2026-04-08 11:41:34"}', '2026-04-08 03:41:34'),
	(114, 1, 27, NULL, 'archived', NULL, '{"id":27,"admin_id":1,"subject_id":7,"title":"Midterm Exam","content":"For those who don\'t have books.","due_date":"2026-04-08","due_time":"14:00:00","end_date":null,"status":"active","created_at":"2026-04-07 19:01:00","updated_at":"2026-04-07 19:01:00"}', '2026-04-09 10:11:52'),
	(115, 1, 5, NULL, 'updated', '{"id":5,"admin_id":1,"subject_id":2,"title":"Midterm Exam","content":"Coverage: Chapter 1 to 7","due_date":"2026-04-13","due_time":"13:00:00","end_date":null,"status":"active","created_at":"2026-04-01 00:28:07","updated_at":"2026-04-08 11:41:34"}', '{"id":5,"admin_id":1,"subject_id":2,"title":"Midterm Exam","content":"Coverage: Lesson 1 to 5","due_date":"2026-04-13","due_time":"13:00:00","end_date":null,"status":"active","created_at":"2026-04-01 00:28:07","updated_at":"2026-04-09 18:12:18"}', '2026-04-09 10:12:18'),
	(116, 1, 24, NULL, 'restored', NULL, '{"id":24,"admin_id":1,"subject_id":2,"title":"Quiz","content":"Coverage: Lesson 7","due_date":"2026-04-06","due_time":"15:00:00","end_date":null,"status":"archived","created_at":"2026-04-04 21:26:34","updated_at":"2026-04-06 18:20:53"}', '2026-04-09 10:12:25'),
	(117, 1, 24, NULL, 'archived', NULL, '{"id":24,"admin_id":1,"subject_id":2,"title":"Quiz","content":"Coverage: Lesson 7","due_date":"2026-04-06","due_time":"15:00:00","end_date":null,"status":"active","created_at":"2026-04-04 21:26:34","updated_at":"2026-04-09 18:12:25"}', '2026-04-09 10:12:44'),
	(118, 1, 25, NULL, 'archived', NULL, '{"id":25,"admin_id":1,"subject_id":9,"title":"Holiday - Araw ng Kagitingan","content":"Malamang walang pasok","due_date":"2026-04-09","due_time":null,"end_date":null,"status":"active","created_at":"2026-04-06 14:42:14","updated_at":"2026-04-06 14:42:14"}', '2026-04-10 07:07:42'),
	(119, 1, NULL, NULL, 'created', NULL, '"New Admin Account Created: ekang"', '2026-04-10 07:50:03'),
	(120, 2, 24, NULL, 'restored', NULL, '{"id":24,"admin_id":1,"subject_id":2,"title":"Quiz","content":"Coverage: Lesson 7","due_date":"2026-04-06","due_time":"15:00:00","end_date":null,"status":"archived","created_at":"2026-04-04 21:26:34","updated_at":"2026-04-09 18:12:44"}', '2026-04-10 09:22:32'),
	(121, 2, 24, NULL, 'archived', NULL, '{"id":24,"admin_id":1,"subject_id":2,"title":"Quiz","content":"Coverage: Lesson 7","due_date":"2026-04-06","due_time":"15:00:00","end_date":null,"status":"active","created_at":"2026-04-04 21:26:34","updated_at":"2026-04-10 17:22:32"}', '2026-04-10 09:22:44'),
	(122, 2, 5, NULL, 'updated', '{"id":5,"admin_id":1,"subject_id":2,"title":"Midterm Exam","content":"Coverage: Lesson 1 to 5","due_date":"2026-04-13","due_time":"13:00:00","end_date":null,"status":"active","created_at":"2026-04-01 00:28:07","updated_at":"2026-04-09 18:12:18"}', '{"id":5,"admin_id":1,"subject_id":2,"title":"Midterm Exam","content":"Coverage: Lesson 1 to 5","due_date":"2026-04-11","due_time":"13:00:00","end_date":null,"status":"active","created_at":"2026-04-01 00:28:07","updated_at":"2026-04-10 17:24:35"}', '2026-04-10 09:24:35'),
	(123, 2, 5, NULL, 'updated', '{"id":5,"admin_id":1,"subject_id":2,"title":"Midterm Exam","content":"Coverage: Lesson 1 to 5","due_date":"2026-04-11","due_time":"13:00:00","end_date":null,"status":"active","created_at":"2026-04-01 00:28:07","updated_at":"2026-04-10 17:24:35"}', '{"id":5,"admin_id":1,"subject_id":2,"title":"Midterm Exam","content":"Coverage: Lesson 1 to 5","due_date":"2026-04-13","due_time":"13:00:00","end_date":null,"status":"active","created_at":"2026-04-01 00:28:07","updated_at":"2026-04-10 17:24:51"}', '2026-04-10 09:24:51');

-- Dumping structure for table db_announcement_system.tbl_subjects
CREATE TABLE IF NOT EXISTS `tbl_subjects` (
  `id` int NOT NULL AUTO_INCREMENT,
  `code` varchar(20) NOT NULL,
  `name` varchar(100) NOT NULL,
  `professor` varchar(100) DEFAULT NULL,
  `schedule` varchar(100) DEFAULT NULL,
  `color_theme` varchar(50) DEFAULT 'bg-other',
  `status` enum('active','archived') DEFAULT 'active',
  `created_at` timestamp NULL DEFAULT CURRENT_TIMESTAMP,
  PRIMARY KEY (`id`)
) ENGINE=InnoDB AUTO_INCREMENT=10 DEFAULT CHARSET=utf8mb4 COLLATE=utf8mb4_0900_ai_ci;

-- Dumping data for table db_announcement_system.tbl_subjects: ~9 rows (approximately)
INSERT INTO `tbl_subjects` (`id`, `code`, `name`, `professor`, `schedule`, `color_theme`, `status`, `created_at`) VALUES
	(1, 'SCIETS', 'Science, Technology and Society', 'Engr. Jose L.', 'M 9 AM - 12 PM', 'bg-sciets', 'active', '2026-03-31 14:31:07'),
	(2, 'CONTWO', 'The Contemporary World', 'Dr. Arnold A.', 'M 1 PM - 4 PM', 'bg-contwo', 'active', '2026-03-31 14:31:07'),
	(3, 'ENECO', 'Engineering Economy', 'Engr. Allen Y.', 'M 5 PM - 8 PM', 'bg-eneco', 'active', '2026-03-31 14:31:07'),
	(4, 'ECENG', 'Fundamentals of Electronic Circuits', 'Engr. Nelson D.', 'T/TH 10 AM - 1 PM', 'bg-eceng', 'active', '2026-03-31 14:31:07'),
	(5, 'SOFTDES', 'Software Design', 'Engr. Jane A.', 'T/TH 2:30 PM - 5:30 PM', 'bg-softdes', 'active', '2026-03-31 14:31:07'),
	(6, 'NUMERICAL', 'Numerical Methods', 'Engr. Bernard F.', 'W 10 AM - 1 PM', 'bg-numerical', 'active', '2026-03-31 14:31:07'),
	(7, 'RIZAL', 'Life and Works of Rizal', 'Prof. Matthew N.', 'W 2 PM - 5 PM', 'bg-rizal', 'active', '2026-03-31 14:31:07'),
	(8, 'PEHEF2', 'Physical Activity Towards Health and Fitness II', 'Prof. Angela B.', 'TH 7 AM - 9 AM', 'bg-pehef2', 'active', '2026-03-31 14:31:07'),
	(9, 'OTHER', 'General Announcements', 'N/A', 'N/A', 'bg-other', 'active', '2026-03-31 14:31:07');

/*!40103 SET TIME_ZONE=IFNULL(@OLD_TIME_ZONE, 'system') */;
/*!40101 SET SQL_MODE=IFNULL(@OLD_SQL_MODE, '') */;
/*!40014 SET FOREIGN_KEY_CHECKS=IFNULL(@OLD_FOREIGN_KEY_CHECKS, 1) */;
/*!40101 SET CHARACTER_SET_CLIENT=@OLD_CHARACTER_SET_CLIENT */;
/*!40111 SET SQL_NOTES=IFNULL(@OLD_SQL_NOTES, 1) */;
